{
  "code": 200,
  "description": "",
  "data": {
    "orderId": "ID-KEY-090909U",
    "orderTitle": "通用测试工单-001",
    "taskTypeNo": "1",
    "taskType": "售后",
    "firstCategoryNo": "1",
    "firstCategory": "开通",
    "secondCategoryNo": "1",
    "secondCategory": "售后投诉",
    "thirdCategoryNo": "1",
    "thirdCategory": "重点客户",
    "dealTime": "2019-09-09 12:00:00",
    "taskDesc": "通用测试工单-001",
    "exaInf": "通用测试工单-001",
    "exaName": "laosan-zhang",
    "exaNameZh": "张老三",
    "exaPhone": "13398909796",
    "exaTimeLimit": "2019-09-19 12:00:00"
  }
}

