{
  "code": 200,
  "description": "",
  "data": {
    "total": 16,
    "rows": [
      {
        "formId": "form_key_123455",
        "formName": "月销售额统计报表",
        "formState": "运行中",
        "formType": "report_template",
        "formTypeName": "报告模板",
        "createTime": "2019-09-09 09:09:09",
        "updateTime": "2019-09-09 09:09:09",
        "creator": "张三娃"
      },
      {
        "formId": "form_key_123456",
        "formName": "月销售额统计报表",
        "formState": "运行中",
        "formType": "report_template",
        "formTypeName": "报告模板",
        "createTime": "2019-09-09 09:09:09",
        "updateTime": "2019-09-09 09:09:09",
        "creator": "张三娃"
      },
      {
        "formId": "form_key_123457",
        "formName": "月销售返单详情",
        "formState": "已停止",
        "formType": "report_info",
        "formTypeName": "报表",
        "createTime": "2019-09-09 09:09:09",
        "updateTime": "2019-09-09 09:09:09",
        "creator": "张三娃"
      },
      {
        "formId": "form_key_123458",
        "formName": "月销售数据清单",
        "formState": "运行中",
        "formType": "business_table",
        "formTypeName": "业务表格",
        "createTime": "2019-09-09 09:09:09",
        "updateTime": "2019-09-09 09:09:09",
        "creator": "张三娃"
      },
      {
        "formId": "form_key_123459",
        "formName": "月销售确认单",
        "formState": "已失效",
        "formType": "flow_form",
        "formTypeName": "流程表单",
        "createTime": "2019-09-09 09:09:09",
        "updateTime": "2019-09-09 09:09:09",
        "creator": "张三娃"
      },
      {
        "formId": "form_key_123460",
        "formName": "月销售确认单",
        "formState": "已失效",
        "formType": "flow_form",
        "formTypeName": "流程表单",
        "createTime": "2019-09-09 09:09:09",
        "updateTime": "2019-09-09 09:09:09",
        "creator": "张三娃"
      },
      {
        "formId": "form_key_123461",
        "formName": "月销售确认单",
        "formState": "已失效",
        "formType": "flow_form",
        "formTypeName": "流程表单",
        "createTime": "2019-09-09 09:09:09",
        "updateTime": "2019-09-09 09:09:09",
        "creator": "张三娃"
      },
      {
        "formId": "form_key_123462",
        "formName": "月销售确认单",
        "formState": "已失效",
        "formType": "flow_form",
        "formTypeName": "流程表单",
        "createTime": "2019-09-09 09:09:09",
        "updateTime": "2019-09-09 09:09:09",
        "creator": "张三娃"
      },
      {
        "formId": "form_key_123463",
        "formName": "月销售确认单",
        "formState": "已失效",
        "formType": "flow_form",
        "formTypeName": "流程表单",
        "createTime": "2019-09-09 09:09:09",
        "updateTime": "2019-09-09 09:09:09",
        "creator": "张三娃"
      },
      {
        "formId": "form_key_123464",
        "formName": "月销售确认单",
        "formState": "已失效",
        "formType": "flow_form",
        "formTypeName": "流程表单",
        "createTime": "2019-09-09 09:09:09",
        "updateTime": "2019-09-09 09:09:09",
        "creator": "张三娃"
      },
      {
        "formId": "form_key_123465",
        "formName": "月销售确认单",
        "formState": "已失效",
        "formType": "flow_form",
        "formTypeName": "流程表单",
        "createTime": "2019-09-09 09:09:09",
        "updateTime": "2019-09-09 09:09:09",
        "creator": "张三娃"
      },
      {
        "formId": "form_key_123466",
        "formName": "月销售确认单",
        "formState": "已失效",
        "formType": "flow_form",
        "formTypeName": "流程表单",
        "createTime": "2019-09-09 09:09:09",
        "updateTime": "2019-09-09 09:09:09",
        "creator": "张三娃"
      },
      {
        "formId": "form_key_123467",
        "formName": "月销售确认单",
        "formState": "已失效",
        "formType": "flow_form",
        "formTypeName": "流程表单",
        "createTime": "2019-09-09 09:09:09",
        "updateTime": "2019-09-09 09:09:09",
        "creator": "张三娃"
      },
      {
        "formId": "form_key_123468",
        "formName": "月销售确认单",
        "formState": "已失效",
        "formType": "flow_form",
        "formTypeName": "流程表单",
        "createTime": "2019-09-09 09:09:09",
        "updateTime": "2019-09-09 09:09:09",
        "creator": "张三娃"
      },
      {
        "formId": "form_key_123469",
        "formName": "月销售确认单",
        "formState": "已失效",
        "formType": "flow_form",
        "formTypeName": "流程表单",
        "createTime": "2019-09-09 09:09:09",
        "updateTime": "2019-09-09 09:09:09",
        "creator": "张三娃"
      },
      {
        "formId": "form_key_123470",
        "formName": "月销售确认单",
        "formState": "已失效",
        "formType": "flow_form",
        "formTypeName": "流程表单",
        "createTime": "2019-09-09 09:09:09",
        "updateTime": "2019-09-09 09:09:09",
        "creator": "张三娃"
      }
    ]
  }
}