{
  "extends": [
    "tslint:recommended"
  ],
  "env": {
    "node": true
  },
  "parser": "typescript-eslint-parser" ,
  "rules": {
    "max-line-length": [true, 200],
    "curly": false,
    "indent": [true, "spaces", 4],
    "variable-name": [true, "check-format", "allow-pascal-case"],
    "quotemark": false,
    "eofline": false,
    "triple-equals": true,
    "interface-name": false,
    "no-switch-case-fall-through": true,
    "switch-default": true,
    "no-consecutive-blank-lines": false,
    "prefer-template": [true, "allow-single-concat"],
    "one-variable-per-declaration": false,
    "trailing-comma": false,
    "object-literal-sort-keys": false,
    "prefer-const": false,
    "class-name": false,
    "ordered-imports": false,
    "only-arrow-functions": false,
    "no-console": false,
    "semicolon": [true, "always"]
  }
}
