[
  {
    "value": 100,
    "name": "玛沁县",
    "rate": 1
  },
  {
    "value": 100,
    "name": "班玛县",
    "rate": 2
  },
  {
    "value": 100,
    "name": "玛多县",
    "rate": 3
  },
  {
    "value": 100,
    "name": "天峻",
    "rate": 4
  },
  {
    "value": 100,
    "name": "河南县",
    "rate": 5
  },
  {
    "value": 100,
    "name": "刚察县",
    "rate": 6
  },
  {
    "value": 100,
    "name": "乐都县",
    "rate": 7
  },
  {
    "value": 100,
    "name": "平安县",
    "rate": 8
  },
  {
    "value": 100,
    "name": "共和县",
    "rate": 9
  },
  {
    "value": 94.11,
    "name": "格尔木市",
    "rate": 10
  }
]