{
  "hwCertificationNum": [
    {
      "value": [
        1069489,
        1086179,
        1076582,
        1079261,
        1116614,
        1113287,
        1080611,
        1057424,
        1073916,
        1087627,
        1111025,
        1087933,
        1095054,
        1091850,
        1075432,
        1049711,
        1052487,
        1051229,
        1043884,
        1057796,
        1035654,
        1033250,
        1051138,
        1064726,
        1018749,
        1017767,
        1049397,
        1044491,
        1037989,
        1030197
      ],
      "name": "全省宽带认证成功次数"
    },
    {
      "value": [
        "12-17",
        "12-18",
        "12-19",
        "12-20",
        "12-21",
        "12-22",
        "12-23",
        "12-24",
        "12-25",
        "12-26",
        "12-27",
        "12-28",
        "12-29",
        "12-30",
        "12-31",
        "01-01",
        "01-02",
        "01-03",
        "01-04",
        "01-05",
        "01-06",
        "01-07",
        "01-08",
        "01-09",
        "01-10",
        "01-11",
        "01-12",
        "01-13",
        "01-14",
        "01-15"
      ],
      "name": "TIME"
    }
  ]
}