{
  "applyNum": [
    {
      "value": [
        686,
        983,
        669,
        636,
        565,
        568,
        699,
        685,
        667,
        615,
        607,
        674,
        660,
        658,
        615,
        594,
        0,
        0,
        0,
        4,
        20,
        233,
        802,
        597,
        658,
        793,
        887,
        858,
        785,
        749
      ],
      "name": "申告7天达标数"
    },
    {
      "value": [
        "12-17",
        "12-18",
        "12-19",
        "12-20",
        "12-21",
        "12-22",
        "12-23",
        "12-24",
        "12-25",
        "12-26",
        "12-27",
        "12-28",
        "12-29",
        "12-30",
        "12-31",
        "01-01",
        "01-02",
        "01-03",
        "01-04",
        "01-05",
        "01-06",
        "01-07",
        "01-08",
        "01-09",
        "01-10",
        "01-11",
        "01-12",
        "01-13",
        "01-14",
        "01-15"
      ],
      "name": "TIME"
    }
  ],
  "applyRate": [
    {
      "value": [
        94.36,
        93.26,
        94.62,
        91.64,
        92.77,
        94.66,
        95.1,
        93.45,
        93.81,
        93.6,
        92.67,
        95.19,
        94.01,
        94.81,
        94.47,
        95.8,
        0,
        0,
        0,
        66.66,
        90.9,
        92.09,
        95.36,
        95.52,
        92.41,
        94.29,
        94.16,
        95.12,
        92.68,
        93.85
      ],
      "name": "申告7天达标率"
    },
    {
      "value": [
        "12-17",
        "12-18",
        "12-19",
        "12-20",
        "12-21",
        "12-22",
        "12-23",
        "12-24",
        "12-25",
        "12-26",
        "12-27",
        "12-28",
        "12-29",
        "12-30",
        "12-31",
        "01-01",
        "01-02",
        "01-03",
        "01-04",
        "01-05",
        "01-06",
        "01-07",
        "01-08",
        "01-09",
        "01-10",
        "01-11",
        "01-12",
        "01-13",
        "01-14",
        "01-15"
      ],
      "name": "TIME"
    }
  ]
}