{
  "onlineuserRange": [
    {
      "value": [
        {
          "value": 28,
          "name": "海西"
        },
        {
          "value": 24,
          "name": "海北"
        },
        {
          "value": 10,
          "name": "玉树"
        },
        {
          "value": 8,
          "name": "黄南"
        },
        {
          "value": 32,
          "name": "海南"
        },
        {
          "value": 2,
          "name": "果洛"
        },
        {
          "value": 47,
          "name": "格尔木"
        },
        {
          "value": 114,
          "name": "海东"
        },
        {
          "value": 521,
          "name": "西宁"
        }
      ],
      "name": "当日申告用户总数"
    },
    {
      "value": [
        {
          "value": -3,
          "name": "海西"
        },
        {
          "value": 10,
          "name": "海北"
        },
        {
          "value": -11,
          "name": "玉树"
        },
        {
          "value": -11,
          "name": "黄南"
        },
        {
          "value": -9,
          "name": "海南"
        },
        {
          "value": -1,
          "name": "果洛"
        },
        {
          "value": 4,
          "name": "格尔木"
        },
        {
          "value": 9,
          "name": "海东"
        },
        {
          "value": -30,
          "name": "西宁"
        }
      ],
      "name": "环比增长用户数"
    }
  ]
}