{
  "onSpeedData": [
    {
      "value": [
        60.95,
        65.06,
        70.64,
        72.53,
        59.77,
        71.33,
        63.73,
        70.24,
        74.47,
        80.82,
        72.41,
        84.24,
        71.22,
        81.2,
        75.27,
        78.65,
        69.01,
        81.36,
        100,
        100,
        100,
        100,
        100,
        100,
        100,
        100,
        100,
        100,
        100,
        100
      ],
      "name": "自助测速合格率"
    },
    {
      "value": [
        "12-17",
        "12-18",
        "12-19",
        "12-20",
        "12-21",
        "12-22",
        "12-23",
        "12-24",
        "12-25",
        "12-26",
        "12-27",
        "12-28",
        "12-29",
        "12-30",
        "12-31",
        "01-01",
        "01-02",
        "01-03",
        "01-04",
        "01-05",
        "01-06",
        "01-07",
        "01-08",
        "01-09",
        "01-10",
        "01-11",
        "01-12",
        "01-13",
        "01-14",
        "01-15"
      ],
      "name": "TIME"
    }
  ]
}