{
  "newRate": [
    {
      "value": [
        100,
        100,
        100,
        100,
        100,
        100,
        100,
        100,
        100,
        100,
        100,
        100,
        100,
        94.44,
        100,
        100,
        100,
        100,
        100,
        100,
        100,
        100,
        100,
        100,
        100,
        100,
        100,
        100,
        100,
        100
      ],
      "name": "新装7天达标率"
    },
    {
      "value": [
        "12-17",
        "12-18",
        "12-19",
        "12-20",
        "12-21",
        "12-22",
        "12-23",
        "12-24",
        "12-25",
        "12-26",
        "12-27",
        "12-28",
        "12-29",
        "12-30",
        "12-31",
        "01-01",
        "01-02",
        "01-03",
        "01-04",
        "01-05",
        "01-06",
        "01-07",
        "01-08",
        "01-09",
        "01-10",
        "01-11",
        "01-12",
        "01-13",
        "01-14",
        "01-15"
      ],
      "name": "TIME"
    }
  ],
  "newNum": [
    {
      "value": [
        46,
        68,
        56,
        42,
        66,
        44,
        54,
        44,
        38,
        46,
        60,
        52,
        50,
        34,
        68,
        62,
        916,
        863,
        745,
        994,
        1062,
        1194,
        834,
        752,
        859,
        662,
        872,
        700,
        671,
        756
      ],
      "name": "新装7天达标数"
    },
    {
      "value": [
        "12-17",
        "12-18",
        "12-19",
        "12-20",
        "12-21",
        "12-22",
        "12-23",
        "12-24",
        "12-25",
        "12-26",
        "12-27",
        "12-28",
        "12-29",
        "12-30",
        "12-31",
        "01-01",
        "01-02",
        "01-03",
        "01-04",
        "01-05",
        "01-06",
        "01-07",
        "01-08",
        "01-09",
        "01-10",
        "01-11",
        "01-12",
        "01-13",
        "01-14",
        "01-15"
      ],
      "name": "TIME"
    }
  ]
}