{
  "serviceAware_health_city": [
    {
      "value": [
        {
          "value": 5975.64,
          "name": "西宁市"
        },
        {
          "value": 4630.01,
          "name": "黄南藏族自治州"
        },
        {
          "value": 4599.91,
          "name": "海西蒙古族藏族自治州"
        },
        {
          "value": 5209.94,
          "name": "海南藏族自治州"
        },
        {
          "value": 5973.12,
          "name": "玉树藏族自治州"
        },
        {
          "value": 4728.15,
          "name": "海北藏族自治州"
        },
        {
          "value": 5058.08,
          "name": "果洛藏族自治州"
        },
        {
          "value": 6091.35,
          "name": "格尔木市"
        },
        {
          "value": 5371.08,
          "name": "海东地区"
        },
        {
          "value": 5285.31,
          "parentName": "海北藏族自治州",
          "name": "门源回族自治县"
        },
        {
          "value": 5415.38,
          "parentName": "海东地区",
          "name": "乐都县"
        },
        {
          "value": 5386.55,
          "parentName": "海东地区",
          "name": "平安县"
        },
        {
          "value": 4815.24,
          "parentName": "海东地区",
          "name": "互助土族自治县"
        },
        {
          "value": 6346.46,
          "parentName": "海东地区",
          "name": "化隆回族自治县"
        },
        {
          "value": 5813.79,
          "parentName": "海东地区",
          "name": "循化撒拉族自治县"
        },
        {
          "value": 5405.4,
          "parentName": "海东地区",
          "name": "民和回族土族自治县"
        },
        {
          "value": 5441.64,
          "parentName": "海南藏族自治州",
          "name": "共和县"
        },
        {
          "value": 6054.92,
          "parentName": "格尔木市",
          "name": "格尔木市"
        },
        {
          "value": 4634.04,
          "parentName": "海南藏族自治州",
          "name": "贵南县"
        },
        {
          "value": 5322.04,
          "parentName": "海南藏族自治州",
          "name": "同德县"
        },
        {
          "value": 4390.12,
          "parentName": "海南藏族自治州",
          "name": "兴海县"
        },
        {
          "value": 4675.26,
          "parentName": "海西蒙古族藏族自治州",
          "name": "都兰县"
        },
        {
          "value": 4150.09,
          "parentName": "海西蒙古族藏族自治州",
          "name": "天峻县"
        },
        {
          "value": 4476.74,
          "parentName": "海西蒙古族藏族自治州",
          "name": "乌兰县"
        },
        {
          "value": 4460.7,
          "parentName": "海西蒙古族藏族自治州",
          "name": "德令哈市"
        },
        {
          "value": 3972.23,
          "parentName": "海西蒙古族藏族自治州",
          "name": "海西蒙古族藏族自治州直辖"
        },
        {
          "value": 4778.28,
          "parentName": "黄南藏族自治州",
          "name": "尖扎县"
        },
        {
          "value": 4548.64,
          "parentName": "黄南藏族自治州",
          "name": "同仁县"
        },
        {
          "value": 4383.17,
          "parentName": "黄南藏族自治州",
          "name": "泽库县"
        },
        {
          "value": 4787.01,
          "parentName": "黄南藏族自治州",
          "name": "河南蒙古族自治县"
        },
        {
          "value": 2469.75,
          "parentName": "西宁市",
          "name": "城北区"
        },
        {
          "value": 7904.16,
          "parentName": "西宁市",
          "name": "城东区"
        },
        {
          "value": 5452.04,
          "parentName": "西宁市",
          "name": "城西区"
        },
        {
          "value": 7097.46,
          "parentName": "西宁市",
          "name": "城中区"
        },
        {
          "value": 4690.53,
          "parentName": "西宁市",
          "name": "湟源县"
        },
        {
          "value": 5935.27,
          "parentName": "西宁市",
          "name": "湟中县"
        },
        {
          "value": 5815.76,
          "parentName": "西宁市",
          "name": "大通回族土族自治县"
        },
        {
          "value": 5207.85,
          "parentName": "玉树藏族自治州",
          "name": "称多县"
        },
        {
          "value": 7276.53,
          "parentName": "玉树藏族自治州",
          "name": "囊谦县"
        },
        {
          "value": 5711.3,
          "parentName": "玉树藏族自治州",
          "name": "玉树县"
        },
        {
          "value": 6567.4,
          "parentName": "玉树藏族自治州",
          "name": "杂多县"
        },
        {
          "value": 5662.9,
          "parentName": "玉树藏族自治州",
          "name": "治多县"
        },
        {
          "value": 5288.29,
          "parentName": "玉树藏族自治州",
          "name": "曲麻莱县"
        },
        {
          "value": 4328.32,
          "parentName": "海北藏族自治州",
          "name": "祁连县"
        },
        {
          "value": 3982.44,
          "parentName": "海北藏族自治州",
          "name": "海晏县"
        },
        {
          "value": 3923.13,
          "parentName": "海北藏族自治州",
          "name": "刚察县"
        },
        {
          "value": 4933.52,
          "parentName": "果洛藏族自治州",
          "name": "玛沁县"
        },
        {
          "value": 3838.87,
          "parentName": "果洛藏族自治州",
          "name": "玛多县"
        },
        {
          "value": 5262.95,
          "parentName": "果洛藏族自治州",
          "name": "久治县"
        },
        {
          "value": 5532.7,
          "parentName": "果洛藏族自治州",
          "name": "甘德县"
        },
        {
          "value": 5200.92,
          "parentName": "果洛藏族自治州",
          "name": "达日县"
        },
        {
          "value": 5216.73,
          "parentName": "果洛藏族自治州",
          "name": "班玛县"
        },
        {
          "value": 5280.4,
          "parentName": "海南藏族自治州",
          "name": "贵德县"
        }
      ],
      "name": "人均宽带流量"
    }
  ],
  "mosCity": [
    {
      "value": [
        {
          "value": 22.77,
          "name": "西宁市"
        },
        {
          "value": 23.41,
          "name": "黄南藏族自治州"
        },
        {
          "value": 22.88,
          "name": "海西蒙古族藏族自治州"
        },
        {
          "value": 23.06,
          "name": "海南藏族自治州"
        },
        {
          "value": 23.19,
          "name": "玉树藏族自治州"
        },
        {
          "value": 22.89,
          "name": "海北藏族自治州"
        },
        {
          "value": 22.02,
          "name": "果洛藏族自治州"
        },
        {
          "value": 23.13,
          "name": "格尔木市"
        },
        {
          "value": 23.42,
          "name": "海东地区"
        },
        {
          "value": 22.97,
          "parentName": "海北藏族自治州",
          "name": "门源回族自治县"
        },
        {
          "value": 23.14,
          "parentName": "海东地区",
          "name": "乐都县"
        },
        {
          "value": 23.39,
          "parentName": "海东地区",
          "name": "平安县"
        },
        {
          "value": 23.63,
          "parentName": "海东地区",
          "name": "互助土族自治县"
        },
        {
          "value": 23.33,
          "parentName": "海东地区",
          "name": "化隆回族自治县"
        },
        {
          "value": 23.32,
          "parentName": "海东地区",
          "name": "循化撒拉族自治县"
        },
        {
          "value": 23.52,
          "parentName": "海东地区",
          "name": "民和回族土族自治县"
        },
        {
          "value": 22.84,
          "parentName": "海南藏族自治州",
          "name": "共和县"
        },
        {
          "value": 23.13,
          "parentName": "格尔木市",
          "name": "格尔木市"
        },
        {
          "value": 23.5,
          "parentName": "海南藏族自治州",
          "name": "贵南县"
        },
        {
          "value": 23.17,
          "parentName": "海南藏族自治州",
          "name": "同德县"
        },
        {
          "value": 22.82,
          "parentName": "海南藏族自治州",
          "name": "兴海县"
        },
        {
          "value": 23.16,
          "parentName": "海西蒙古族藏族自治州",
          "name": "都兰县"
        },
        {
          "value": 23.06,
          "parentName": "海西蒙古族藏族自治州",
          "name": "天峻县"
        },
        {
          "value": 23.35,
          "parentName": "海西蒙古族藏族自治州",
          "name": "乌兰县"
        },
        {
          "value": 22.43,
          "parentName": "海西蒙古族藏族自治州",
          "name": "德令哈市"
        },
        {
          "value": 22.75,
          "parentName": "海西蒙古族藏族自治州",
          "name": "海西蒙古族藏族自治州直辖"
        },
        {
          "value": 23.48,
          "parentName": "黄南藏族自治州",
          "name": "尖扎县"
        },
        {
          "value": 23.37,
          "parentName": "黄南藏族自治州",
          "name": "同仁县"
        },
        {
          "value": 23.56,
          "parentName": "黄南藏族自治州",
          "name": "泽库县"
        },
        {
          "value": 23.34,
          "parentName": "黄南藏族自治州",
          "name": "河南蒙古族自治县"
        },
        {
          "value": 18.95,
          "parentName": "西宁市",
          "name": "城北区"
        },
        {
          "value": 25.68,
          "parentName": "西宁市",
          "name": "城东区"
        },
        {
          "value": 25.44,
          "parentName": "西宁市",
          "name": "城西区"
        },
        {
          "value": 23.13,
          "parentName": "西宁市",
          "name": "城中区"
        },
        {
          "value": 23.47,
          "parentName": "西宁市",
          "name": "湟源县"
        },
        {
          "value": 23.62,
          "parentName": "西宁市",
          "name": "湟中县"
        },
        {
          "value": 23.44,
          "parentName": "西宁市",
          "name": "大通回族土族自治县"
        },
        {
          "value": 23.59,
          "parentName": "玉树藏族自治州",
          "name": "称多县"
        },
        {
          "value": 22.93,
          "parentName": "玉树藏族自治州",
          "name": "囊谦县"
        },
        {
          "value": 23.05,
          "parentName": "玉树藏族自治州",
          "name": "玉树县"
        },
        {
          "value": 23.68,
          "parentName": "玉树藏族自治州",
          "name": "杂多县"
        },
        {
          "value": 22.81,
          "parentName": "玉树藏族自治州",
          "name": "治多县"
        },
        {
          "value": 24.12,
          "parentName": "玉树藏族自治州",
          "name": "曲麻莱县"
        },
        {
          "value": 22.49,
          "parentName": "海北藏族自治州",
          "name": "祁连县"
        },
        {
          "value": 23.07,
          "parentName": "海北藏族自治州",
          "name": "海晏县"
        },
        {
          "value": 23.16,
          "parentName": "海北藏族自治州",
          "name": "刚察县"
        },
        {
          "value": 20.07,
          "parentName": "果洛藏族自治州",
          "name": "玛沁县"
        },
        {
          "value": 23.3,
          "parentName": "果洛藏族自治州",
          "name": "玛多县"
        },
        {
          "value": 21.95,
          "parentName": "果洛藏族自治州",
          "name": "久治县"
        },
        {
          "value": 23.07,
          "parentName": "果洛藏族自治州",
          "name": "甘德县"
        },
        {
          "value": 23,
          "parentName": "果洛藏族自治州",
          "name": "达日县"
        },
        {
          "value": 22.53,
          "parentName": "果洛藏族自治州",
          "name": "班玛县"
        },
        {
          "value": 23.23,
          "parentName": "海南藏族自治州",
          "name": "贵德县"
        }
      ],
      "name": "人均在线时长"
    }
  ],
  "dataTime": [
    {
      "value": [
        {
          "value": "2019-01-15 00:00:00",
          "name": "西宁市"
        },
        {
          "value": "2019-01-15 00:00:00",
          "name": "黄南藏族自治州"
        },
        {
          "value": "2019-01-15 00:00:00",
          "name": "海西蒙古族藏族自治州"
        },
        {
          "value": "2019-01-15 00:00:00",
          "name": "海南藏族自治州"
        },
        {
          "value": "2019-01-15 00:00:00",
          "name": "玉树藏族自治州"
        },
        {
          "value": "2019-01-15 00:00:00",
          "name": "海北藏族自治州"
        },
        {
          "value": "2019-01-15 00:00:00",
          "name": "果洛藏族自治州"
        },
        {
          "value": "2019-01-15 00:00:00",
          "name": "格尔木市"
        },
        {
          "value": "2019-01-15 00:00:00",
          "name": "海东地区"
        },
        {
          "value": "2019-01-15 00:00:00",
          "parentName": "海北藏族自治州",
          "name": "门源回族自治县"
        },
        {
          "value": "2019-01-15 00:00:00",
          "parentName": "海东地区",
          "name": "乐都县"
        },
        {
          "value": "2019-01-15 00:00:00",
          "parentName": "海东地区",
          "name": "平安县"
        },
        {
          "value": "2019-01-15 00:00:00",
          "parentName": "海东地区",
          "name": "互助土族自治县"
        },
        {
          "value": "2019-01-15 00:00:00",
          "parentName": "海东地区",
          "name": "化隆回族自治县"
        },
        {
          "value": "2019-01-15 00:00:00",
          "parentName": "海东地区",
          "name": "循化撒拉族自治县"
        },
        {
          "value": "2019-01-15 00:00:00",
          "parentName": "海东地区",
          "name": "民和回族土族自治县"
        },
        {
          "value": "2019-01-15 00:00:00",
          "parentName": "海南藏族自治州",
          "name": "共和县"
        },
        {
          "value": "2019-01-15 00:00:00",
          "parentName": "格尔木市",
          "name": "格尔木市"
        },
        {
          "value": "2019-01-15 00:00:00",
          "parentName": "海南藏族自治州",
          "name": "贵南县"
        },
        {
          "value": "2019-01-15 00:00:00",
          "parentName": "海南藏族自治州",
          "name": "同德县"
        },
        {
          "value": "2019-01-15 00:00:00",
          "parentName": "海南藏族自治州",
          "name": "兴海县"
        },
        {
          "value": "2019-01-15 00:00:00",
          "parentName": "海西蒙古族藏族自治州",
          "name": "都兰县"
        },
        {
          "value": "2019-01-15 00:00:00",
          "parentName": "海西蒙古族藏族自治州",
          "name": "天峻县"
        },
        {
          "value": "2019-01-15 00:00:00",
          "parentName": "海西蒙古族藏族自治州",
          "name": "乌兰县"
        },
        {
          "value": "2019-01-15 00:00:00",
          "parentName": "海西蒙古族藏族自治州",
          "name": "德令哈市"
        },
        {
          "value": "2019-01-15 00:00:00",
          "parentName": "海西蒙古族藏族自治州",
          "name": "海西蒙古族藏族自治州直辖"
        },
        {
          "value": "2019-01-15 00:00:00",
          "parentName": "黄南藏族自治州",
          "name": "尖扎县"
        },
        {
          "value": "2019-01-15 00:00:00",
          "parentName": "黄南藏族自治州",
          "name": "同仁县"
        },
        {
          "value": "2019-01-15 00:00:00",
          "parentName": "黄南藏族自治州",
          "name": "泽库县"
        },
        {
          "value": "2019-01-15 00:00:00",
          "parentName": "黄南藏族自治州",
          "name": "河南蒙古族自治县"
        },
        {
          "value": "2019-01-15 00:00:00",
          "parentName": "西宁市",
          "name": "城北区"
        },
        {
          "value": "2019-01-15 00:00:00",
          "parentName": "西宁市",
          "name": "城东区"
        },
        {
          "value": "2019-01-15 00:00:00",
          "parentName": "西宁市",
          "name": "城西区"
        },
        {
          "value": "2019-01-15 00:00:00",
          "parentName": "西宁市",
          "name": "城中区"
        },
        {
          "value": "2019-01-15 00:00:00",
          "parentName": "西宁市",
          "name": "湟源县"
        },
        {
          "value": "2019-01-15 00:00:00",
          "parentName": "西宁市",
          "name": "湟中县"
        },
        {
          "value": "2019-01-15 00:00:00",
          "parentName": "西宁市",
          "name": "大通回族土族自治县"
        },
        {
          "value": "2019-01-15 00:00:00",
          "parentName": "玉树藏族自治州",
          "name": "称多县"
        },
        {
          "value": "2019-01-15 00:00:00",
          "parentName": "玉树藏族自治州",
          "name": "囊谦县"
        },
        {
          "value": "2019-01-15 00:00:00",
          "parentName": "玉树藏族自治州",
          "name": "玉树县"
        },
        {
          "value": "2019-01-15 00:00:00",
          "parentName": "玉树藏族自治州",
          "name": "杂多县"
        },
        {
          "value": "2019-01-15 00:00:00",
          "parentName": "玉树藏族自治州",
          "name": "治多县"
        },
        {
          "value": "2019-01-15 00:00:00",
          "parentName": "玉树藏族自治州",
          "name": "曲麻莱县"
        },
        {
          "value": "2019-01-15 00:00:00",
          "parentName": "海北藏族自治州",
          "name": "祁连县"
        },
        {
          "value": "2019-01-15 00:00:00",
          "parentName": "海北藏族自治州",
          "name": "海晏县"
        },
        {
          "value": "2019-01-15 00:00:00",
          "parentName": "海北藏族自治州",
          "name": "刚察县"
        },
        {
          "value": "2019-01-15 00:00:00",
          "parentName": "果洛藏族自治州",
          "name": "玛沁县"
        },
        {
          "value": "2019-01-15 00:00:00",
          "parentName": "果洛藏族自治州",
          "name": "玛多县"
        },
        {
          "value": "2019-01-15 00:00:00",
          "parentName": "果洛藏族自治州",
          "name": "久治县"
        },
        {
          "value": "2019-01-15 00:00:00",
          "parentName": "果洛藏族自治州",
          "name": "甘德县"
        },
        {
          "value": "2019-01-15 00:00:00",
          "parentName": "果洛藏族自治州",
          "name": "达日县"
        },
        {
          "value": "2019-01-15 00:00:00",
          "parentName": "果洛藏族自治州",
          "name": "班玛县"
        },
        {
          "value": "2019-01-15 00:00:00",
          "parentName": "海南藏族自治州",
          "name": "贵德县"
        }
      ],
      "name": "数据时间"
    }
  ],
  "serviceAware_standard_city": [
    {
      "value": [
        {
          "value": 22.77,
          "name": "西宁市"
        },
        {
          "value": 23.41,
          "name": "黄南藏族自治州"
        },
        {
          "value": 22.88,
          "name": "海西蒙古族藏族自治州"
        },
        {
          "value": 23.06,
          "name": "海南藏族自治州"
        },
        {
          "value": 23.19,
          "name": "玉树藏族自治州"
        },
        {
          "value": 22.89,
          "name": "海北藏族自治州"
        },
        {
          "value": 22.02,
          "name": "果洛藏族自治州"
        },
        {
          "value": 23.13,
          "name": "格尔木市"
        },
        {
          "value": 23.42,
          "name": "海东地区"
        },
        {
          "value": 22.97,
          "parentName": "海北藏族自治州",
          "name": "门源回族自治县"
        },
        {
          "value": 23.14,
          "parentName": "海东地区",
          "name": "乐都县"
        },
        {
          "value": 23.39,
          "parentName": "海东地区",
          "name": "平安县"
        },
        {
          "value": 23.63,
          "parentName": "海东地区",
          "name": "互助土族自治县"
        },
        {
          "value": 23.33,
          "parentName": "海东地区",
          "name": "化隆回族自治县"
        },
        {
          "value": 23.32,
          "parentName": "海东地区",
          "name": "循化撒拉族自治县"
        },
        {
          "value": 23.52,
          "parentName": "海东地区",
          "name": "民和回族土族自治县"
        },
        {
          "value": 22.84,
          "parentName": "海南藏族自治州",
          "name": "共和县"
        },
        {
          "value": 23.13,
          "parentName": "格尔木市",
          "name": "格尔木市"
        },
        {
          "value": 23.5,
          "parentName": "海南藏族自治州",
          "name": "贵南县"
        },
        {
          "value": 23.17,
          "parentName": "海南藏族自治州",
          "name": "同德县"
        },
        {
          "value": 22.82,
          "parentName": "海南藏族自治州",
          "name": "兴海县"
        },
        {
          "value": 23.16,
          "parentName": "海西蒙古族藏族自治州",
          "name": "都兰县"
        },
        {
          "value": 23.06,
          "parentName": "海西蒙古族藏族自治州",
          "name": "天峻县"
        },
        {
          "value": 23.35,
          "parentName": "海西蒙古族藏族自治州",
          "name": "乌兰县"
        },
        {
          "value": 22.43,
          "parentName": "海西蒙古族藏族自治州",
          "name": "德令哈市"
        },
        {
          "value": 22.75,
          "parentName": "海西蒙古族藏族自治州",
          "name": "海西蒙古族藏族自治州直辖"
        },
        {
          "value": 23.48,
          "parentName": "黄南藏族自治州",
          "name": "尖扎县"
        },
        {
          "value": 23.37,
          "parentName": "黄南藏族自治州",
          "name": "同仁县"
        },
        {
          "value": 23.56,
          "parentName": "黄南藏族自治州",
          "name": "泽库县"
        },
        {
          "value": 23.34,
          "parentName": "黄南藏族自治州",
          "name": "河南蒙古族自治县"
        },
        {
          "value": 18.95,
          "parentName": "西宁市",
          "name": "城北区"
        },
        {
          "value": 25.68,
          "parentName": "西宁市",
          "name": "城东区"
        },
        {
          "value": 25.44,
          "parentName": "西宁市",
          "name": "城西区"
        },
        {
          "value": 23.13,
          "parentName": "西宁市",
          "name": "城中区"
        },
        {
          "value": 23.47,
          "parentName": "西宁市",
          "name": "湟源县"
        },
        {
          "value": 23.62,
          "parentName": "西宁市",
          "name": "湟中县"
        },
        {
          "value": 23.44,
          "parentName": "西宁市",
          "name": "大通回族土族自治县"
        },
        {
          "value": 23.59,
          "parentName": "玉树藏族自治州",
          "name": "称多县"
        },
        {
          "value": 22.93,
          "parentName": "玉树藏族自治州",
          "name": "囊谦县"
        },
        {
          "value": 23.05,
          "parentName": "玉树藏族自治州",
          "name": "玉树县"
        },
        {
          "value": 23.68,
          "parentName": "玉树藏族自治州",
          "name": "杂多县"
        },
        {
          "value": 22.81,
          "parentName": "玉树藏族自治州",
          "name": "治多县"
        },
        {
          "value": 24.12,
          "parentName": "玉树藏族自治州",
          "name": "曲麻莱县"
        },
        {
          "value": 22.49,
          "parentName": "海北藏族自治州",
          "name": "祁连县"
        },
        {
          "value": 23.07,
          "parentName": "海北藏族自治州",
          "name": "海晏县"
        },
        {
          "value": 23.16,
          "parentName": "海北藏族自治州",
          "name": "刚察县"
        },
        {
          "value": 20.07,
          "parentName": "果洛藏族自治州",
          "name": "玛沁县"
        },
        {
          "value": 23.3,
          "parentName": "果洛藏族自治州",
          "name": "玛多县"
        },
        {
          "value": 21.95,
          "parentName": "果洛藏族自治州",
          "name": "久治县"
        },
        {
          "value": 23.07,
          "parentName": "果洛藏族自治州",
          "name": "甘德县"
        },
        {
          "value": 23,
          "parentName": "果洛藏族自治州",
          "name": "达日县"
        },
        {
          "value": 22.53,
          "parentName": "果洛藏族自治州",
          "name": "班玛县"
        },
        {
          "value": 23.23,
          "parentName": "海南藏族自治州",
          "name": "贵德县"
        }
      ],
      "name": "人均在线时长"
    }
  ]
}